id;name;mobile;alternate_mobile;email;addressline_1;addressline_2;pincode;city;state;country;image
1;Handcrafted;Trafficway;monetize Assurance;Bryce29@yahoo.com;product Card;calculating;primary;East Nannie;Village;Germany;Fresh
2;orange Franc Jewelery;bypassing redundant;Total;Ena_Kilback@hotmail.com;deposit exploit;Ergonomic Administrator;Florida Handmade;Port Silasfurt;hacking bandwidth;Argentina;protocol
3;Islands software Director;deposit Guyana;Berkshire Account driver;Eugenia.Zieme@gmail.com;payment;Zambia;Fresh;North Ezekiel;Lev benchmark Connecticut;Malaysia;Unbranded non-volatile Utah
4;International algorithm Directives;Computer firewall convergence;Data ADP target;Zelma.Ferry@gmail.com;Home Account logistical;Plastic;Music bifurcated;Doylebury;leverage Radial;Panama;cutting-edge
5;Functionality Bacon;Right-sized multi-byte Incredible;indigo Reactive;Citlalli_Rippin@gmail.com;Product Fresh;payment e-markets;Electronics orange Cambridgeshire;Charityhaven;Village;Canada;data-warehouse
6;cutting-edge;Cotton;haptic District;Aubrey36@gmail.com;Shirt;content-based e-markets;connect;Mullerchester;Handmade;Honduras;supply-chains yellow azure
7;Digitized fuchsia;integrate zero;Open-architected;Joey18@yahoo.com;redundant;grow Auto;Books;Brantville;Plastic Market forecast;Lao People's Democratic Republic;contextually-based
8;Ball;mesh Investor Fantastic;Steel;Luigi.Mitchell45@hotmail.com;Rubber;Representative;enterprise Cambodia Product;Schmelerland;Unbranded;Uruguay;Customer Plastic
9;Cameroon Garden purple;neural Business-focused Villages;program;Corrine_Bartell@yahoo.com;overriding;synergies Pants;utilisation Road;Roxanneshire;quantifying bifurcated Spring;Bolivia;Tenge Bike
10;focus emulation Administrator;Radial;Lights Djibouti backing;Reinhold.Hermiston85@yahoo.com;Netherlands systemic Pants;niches;payment cutting-edge Account;Erickaville;methodologies lavender Pataca;Somalia;Louisiana
