id;name;mobile;alternate_mobile;email;addressline_1;addressline_2;pincode;city;state;country;company_name;is_billing_same;bill_addressline_1;bill_addressline_2;bill_pincode;bill_city;bill_state;bill_country
1;wireless Officer;project Berkshire implementation;Afghani Orchestrator COM;Nya.Zulauf@gmail.com;payment Fresh monitor;input firewall;Wooden;Irondequoit;navigate capacity;Nigeria;tan;false;Architect connect content-based;Hat;programming;Chair 6th;Kids;Sports Dam quantify
2;Corporate Switzerland;Technician Accountability Run;Rubber quantifying;Lincoln_Dooley@hotmail.com;copying plug-and-play maroon;Concrete;Polarised;Ankundingberg;programming payment Buckinghamshire;Virgin Islands, British;auxiliary Quality-focused;true;black alarm virtual;turquoise Soft system-worthy;Ohio e-business Tuna;payment deliver methodologies;Books;syndicate orchid Bedfordshire
3;Kids;primary;reboot Lead parsing;David5@hotmail.com;bluetooth magenta Ball;functionalities application incentivize;SMS Incredible;Port Augustamouth;infrastructure Belarussian Decentralized;Saint Vincent and the Grenadines;Point;true;compelling;regional infrastructures SMS;Metal Dollar;JSON Bedfordshire;indexing;Caicos deposit
4;cross-platform Fresh;Interactions SMS;Enhanced deposit;Domenico87@yahoo.com;Fresh Accountability;Officer;deposit Functionality Denar;Mertzborough;navigate;Holy See (Vatican City State);multi-byte;true;Planner optical Computer;Industrial THX;THX Fresh;Michigan;product Bacon;Cheese whiteboard portals
5;users Market reboot;parsing;extensible bandwidth interfaces;Hester.Abshire@hotmail.com;PNG Liaison Computers;Nauru JBOD;Account Reactive;Pawtucket;Dollar;Western Sahara;Account Rhode;true;Shoes;Infrastructure;Investor Bolivia;Credit overriding;Product deposit connect;Games Viaduct Idaho
6;synthesizing Western Keyboard;auxiliary;connecting withdrawal Customer;Shaun91@gmail.com;Senior Kong;and;New collaboration gold;Tampa;transform Frozen Concrete;Poland;Frozen Computer Cheese;true;intuitive Virginia;Applications Shirt;multimedia;French;deposit aggregate;violet Multi-layered Operations
7;salmon navigate;solution pixel Vatu;Toys Dollar;Kurtis93@gmail.com;Wooden ROI success;Gorgeous;generation synthesizing;Hirtheton;seize Orchestrator Synchronised;Martinique;communities Jamahiriya Botswana;false;Corporate composite input;wireless;Engineer sexy Computer;Pizza;SMS exuding Practical;encryption compelling
8;Dominica parsing copy;Minnesota Corporate Rustic;Island ADP;Petra.Welch42@hotmail.com;communities Philippine bluetooth;Supervisor innovate Intranet;Division radical;Lake Devanton;Egypt optical;Sierra Leone;withdrawal niches Regional;false;Associate;Versatile reboot;Litas;Drive invoice indigo;Car Walk;Lev Fish
9;Soap;Saint Iowa;Kentucky Health bypassing;Maria.Rowe34@yahoo.com;Outdoors Technician Towels;override;Sports Shoes;Feeneyshire;Team-oriented;Poland;Surinam Landing card;true;Shoes orange;Soap;driver Buckinghamshire Nebraska;hard JBOD Keyboard;HDD Incredible;Concrete
10;Berkshire Usability web-readiness;overriding synthesizing;policy Granite;Nikolas55@gmail.com;Islands robust;Lake unleash;Usability Health Computer;Lake Darioberg;India;Honduras;Tactics;true;Intranet overriding;Shoes;deposit;integrate deliver Nevada;intuitive Bedfordshire deposit;Visionary Italy Games
