id;nick_name;mobile;alternate_mobile;email;addressline_1;addressline_2;pincode;city;state;country;company_name;is_mobile_verified;otp
1;SMS;executive wireless;Cayman;Janae_Farrell@yahoo.com;GB client-driven;capacitor Virtual;unleash;New Emersonmouth;Oklahoma;Mayotte;programming Cambridgeshire Extended;false;Persevering Data
2;metrics;Lithuania Taiwan optical;haptic invoice 17(E.U.A.-17);Roberto91@gmail.com;encompassing bus hacking;algorithm paradigms;Berkshire Hat;North Junius;Loan Future matrix;Argentina;Tasty Coves Ergonomic;false;Arab
3;Checking;hacking Strategist;Bedfordshire connect;Leonie.OKon17@yahoo.com;Iowa;parallelism parse;deposit port;South Bayleeville;Human mission-critical Ergonomic;South Georgia and the South Sandwich Islands;Checking Senior Lilangeni;true;Director
4;Decentralized Progressive Ports;parsing;Secured;Armand.Adams@yahoo.com;quantify Dynamic world-class;Steel;Tools Solutions;Fabianhaven;Pants Orchestrator white;Benin;Outdoors;true;Tasty
5;Oklahoma plum;Buckinghamshire Customer collaborative;Grocery;Izaiah87@yahoo.com;RSS Savings Chicken;Steel;Dollar Decentralized;Lake Mac;overriding;Falkland Islands (Malvinas);Pants holistic;false;SSL brand
6;orange invoice;Shoes;Graphic services;Stefanie.Waters10@yahoo.com;plum Account;Lari;Kids Tools motivating;East Karleeland;Flats;Holy See (Vatican City State);invoice;true;secondary Shoes Switchable
7;Granite Automotive;Rica Enhanced;Global San;Gloria43@yahoo.com;Ergonomic infrastructure;Passage turquoise;Central leverage;Gusikowskiport;quantify Nepalese;Gambia;Sports Supervisor Legacy;true;online
8;vertical azure;Gorgeous Riyal;Steel;Christ20@yahoo.com;generate Mouse Bhutan;Account;Savings Plastic;Stokesport;Cambridgeshire;Japan;parse Central;true;Internal maximized Accountability
9;deposit;strategize object-oriented superstructure;Compatible;Norene_Watsica@yahoo.com;Quality SAS SSL;Checking Fords;applications Associate;East Tommie;Product;Bhutan;heuristic;true;Automotive Borders Pass
10;silver;Reverse-engineered upward-trending;bypass;Dan_Stanton@hotmail.com;deposit;Soft;driver Kansas enhance;South Clementina;methodology parsing alarm;Slovakia (Slovak Republic);Fish Lilangeni generating;true;Sri card enable
